{
  "generator-ngx-rocket": {
    "version": "7.1.0",
    "props": {
      "location": "path",
      "strict": false,
      "skipInstall": false,
      "skipQuickstart": false,
      "initGit": true,
      "appName": "dashcore",
      "target": [
        "web"
      ],
      "pwa": false,
      "ui": "bootstrap",
      "auth": true,
      "lazy": true,
      "angulartics": false,
      "tools": [
        "prettier",
        "hads"
      ],
      "utility": [],
      "projectName": "dashcore",
      "packageManager": "npm",
      "mobile": [],
      "desktop": []
    }
  }
}